-- phpMyAdmin SQL Dump
-- version 5.2.0
-- https://www.phpmyadmin.net/
--
-- Host: 127.0.0.1
-- Generation Time: May 29, 2023 at 07:40 PM
-- Server version: 10.4.27-MariaDB
-- PHP Version: 8.0.25

SET SQL_MODE = "NO_AUTO_VALUE_ON_ZERO";
START TRANSACTION;
SET time_zone = "+00:00";


/*!40101 SET @OLD_CHARACTER_SET_CLIENT=@@CHARACTER_SET_CLIENT */;
/*!40101 SET @OLD_CHARACTER_SET_RESULTS=@@CHARACTER_SET_RESULTS */;
/*!40101 SET @OLD_COLLATION_CONNECTION=@@COLLATION_CONNECTION */;
/*!40101 SET NAMES utf8mb4 */;

--
-- Database: `codegram`
--

-- --------------------------------------------------------

--
-- Table structure for table `comments`
--

CREATE TABLE `comments` (
  `post_id` bigint(20) NOT NULL,
  `user_id` bigint(20) NOT NULL,
  `comment` longblob NOT NULL
) ENGINE=InnoDB DEFAULT CHARSET=utf8mb4 COLLATE=utf8mb4_general_ci;

--
-- Dumping data for table `comments`
--

INSERT INTO `comments` (`post_id`, `user_id`, `comment`) VALUES
(575890356142812, 1234567890, 0x4e69636520746f206d65657420796f75206d616e),
(30780545064569, 2147483647, 0x5468697320697320616e20617765736f6d6520636f6465206d616e2121),
(30780545064569, 2147483647, 0x576f77206d616e2121212057686174206120636f6465212121203a29),
(575890356142812, 2147483647, 0x48656c6c6f206d616e2121),
(575890356142812, 1234567890, 0x4368616e67652074686520746f706963206d616e2121212121204a75737420736179696e672068656c6c6f73737373),
(575890356142812, 2147483647, ''),
(582316672362709, 2147483647, 0x48656c6c6f20616262696c61617368212120486f772061726520796f753f3f),
(330357222772889, 2147483647, 0x4e69636520706f656d206d616e2121);

-- --------------------------------------------------------

--
-- Table structure for table `c_mails`
--

CREATE TABLE `c_mails` (
  `from_id` bigint(20) NOT NULL,
  `to_id` bigint(20) NOT NULL,
  `message` longblob NOT NULL,
  `hyperlinks` longblob NOT NULL
) ENGINE=InnoDB DEFAULT CHARSET=utf8mb4 COLLATE=utf8mb4_general_ci;

--
-- Dumping data for table `c_mails`
--

INSERT INTO `c_mails` (`from_id`, `to_id`, `message`, `hyperlinks`) VALUES
(2147483647, 1234567890, 0x68656c6c6f206d616e21210a, 0x31),
(2147483647, 2147483647, 0x68656c6c6f206d616e21210a466f756e64207468652070726f626c656d20696e2074686520636f64650a535543434553532121203a290a, ''),
(2147483647, 2147483647, 0x68656c6c6f206d616e0a686f772061726520796f750a, ''),
(2147483647, 2147483647, 0x68656c6c6f0a, '');

-- --------------------------------------------------------

--
-- Table structure for table `followers_details`
--

CREATE TABLE `followers_details` (
  `user_id` bigint(20) NOT NULL,
  `follower_id` bigint(20) NOT NULL,
  `following_id` bigint(20) NOT NULL
) ENGINE=InnoDB DEFAULT CHARSET=utf8mb4 COLLATE=utf8mb4_general_ci;

--
-- Dumping data for table `followers_details`
--

INSERT INTO `followers_details` (`user_id`, `follower_id`, `following_id`) VALUES
(2147483647, 1234567890, 0),
(1234567890, 1234567890, 0),
(1034395679, 1234567890, 0),
(1234567890, 2147483647, 0);

-- --------------------------------------------------------

--
-- Table structure for table `follows`
--

CREATE TABLE `follows` (
  `user_id` bigint(20) NOT NULL DEFAULT 0,
  `followers` bigint(20) NOT NULL DEFAULT 0,
  `following` bigint(20) NOT NULL DEFAULT 0,
  `posts` mediumint(9) NOT NULL DEFAULT 0
) ENGINE=InnoDB DEFAULT CHARSET=utf8mb4 COLLATE=utf8mb4_general_ci;

--
-- Dumping data for table `follows`
--

INSERT INTO `follows` (`user_id`, `followers`, `following`, `posts`) VALUES
(1034395679, 1, 0, 0),
(1234567890, 2, 3, 1),
(2147483647, 1, 1, 8);

-- --------------------------------------------------------

--
-- Table structure for table `post`
--

CREATE TABLE `post` (
  `sno` int(255) NOT NULL,
  `user_id` int(255) NOT NULL,
  `post_id` bigint(20) NOT NULL,
  `post_content` longblob DEFAULT NULL
) ENGINE=InnoDB DEFAULT CHARSET=utf8mb4 COLLATE=utf8mb4_general_ci;

--
-- Dumping data for table `post`
--

INSERT INTO `post` (`sno`, `user_id`, `post_id`, `post_content`) VALUES
(1, 2147483647, 45329109077112, 0x54686973206973206d79207365636f6e6420706f7374206d616e212121210a54686520627567206973206465627567676564210a48757272617921212121212121212121210a),
(3, 2147483647, 575890356142812, 0x54686973206973206d7920666f7572746820706f7374212121210a486f772061726520796f75206d616e2121210a),
(4, 2147483647, 925522825098733, 0x0a64736673616466736466736461666173646673616466666666666666666666666666666666666666666666666666666661736466736164667361646673646667736b6461666b616a73646867666b6a617368646b666873640a0a64736673616466736466736461666173646673616466666666666666666666666666666666666666666666666666666661736466736164667361646673646667736b6461666b616a73646867666b6a617368646b666873640a64736673616466736466736461666173646673616466666666666666666666666666666666666666666666666666666661736466736164667361646673646667736b6461666b616a73646867666b6a617368646b666873640a64736673616466736466736461666173646673616466666666666666666666666666666666666666666666666666666661736466736164667361646673646667736b6461666b616a73646867666b6a617368646b666873640a64736673616466736466736461666173646673616466666666666666666666666666666666666666666666666666666661736466736164667361646673646667736b6461666b616a73646867666b6a617368646b666873640a64736673616466736466736461666173646673616466666666666666666666666666666666666666666666666666666661736466736164667361646673646667736b6461666b616a73646867666b6a617368646b666873640a64736673616466736466736461666173646673616466666666666666666666666666666666666666666666666666666661736466736164667361646673646667736b6461666b616a73646867666b6a617368646b666873640a64736673616466736466736461666173646673616466666666666666666666666666666666666666666666666666666661736466736164667361646673646667736b6461666b616a73646867666b6a617368646b666873640a64736673616466736466736461666173646673616466666666666666666666666666666666666666666666666666666661736466736164667361646673646667736b6461666b616a73646867666b6a617368646b666873640a64736673616466736466736461666173646673616466666666666666666666666666666666666666666666666666666661736466736164667361646673646667736b6461666b616a73646867666b6a617368646b666873640a64736673616466736466736461666173646673616466666666666666666666666666666666666666666666666666666661736466736164667361646673646667736b6461666b616a73646867666b6a617368646b666873640a64736673616466736466736461666173646673616466666666666666666666666666666666666666666666666666666661736466736164667361646673646667736b6461666b616a73646867666b6a617368646b666873640a64736673616466736466736461666173646673616466666666666666666666666666666666666666666666666666666661736466736164667361646673646667736b6461666b616a73646867666b6a617368646b666873640a64736673616466736466736461666173646673616466666666666666666666666666666666666666666666666666666661736466736164667361646673646667736b6461666b616a73646867666b6a617368646b666873640a64736673616466736466736461666173646673616466666666666666666666666666666666666666666666666666666661736466736164667361646673646667736b6461666b616a73646867666b6a617368646b666873640a64736673616466736466736461666173646673616466666666666666666666666666666666666666666666666666666661736466736164667361646673646667736b6461666b616a73646867666b6a617368646b666873640a64736673616466736466736461666173646673616466666666666666666666666666666666666666666666666666666661736466736164667361646673646667736b6461666b616a73646867666b6a617368646b666873640a64736673616466736466736461666173646673616466666666666666666666666666666666666666666666666666666661736466736164667361646673646667736b6461666b616a73646867666b6a617368646b666873640a64736673616466736466736461666173646673616466666666666666666666666666666666666666666666666666666661736466736164667361646673646667736b6461666b616a73646867666b6a617368646b666873640a64736673616466736466736461666173646673616466666666666666666666666666666666666666666666666666666661736466736164667361646673646667736b6461666b616a73646867666b6a617368646b666873640a64736673616466736466736461666173646673616466666666666666666666666666666666666666666666666666666661736466736164667361646673646667736b6461666b616a73646867666b6a617368646b666873640a64736673616466736466736461666173646673616466666666666666666666666666666666666666666666666666666661736466736164667361646673646667736b6461666b616a73646867666b6a617368646b666873640a64736673616466736466736461666173646673616466666666666666666666666666666666666666666666666666666661736466736164667361646673646667736b6461666b616a73646867666b6a617368646b666873640a64736673616466736466736461666173646673616466666666666666666666666666666666666666666666666666666661736466736164667361646673646667736b6461666b616a73646867666b6a617368646b666873640a64736673616466736466736461666173646673616466666666666666666666666666666666666666666666666666666661736466736164667361646673646667736b6461666b616a73646867666b6a617368646b666873640a64736673616466736466736461666173646673616466666666666666666666666666666666666666666666666666666661736466736164667361646673646667736b6461666b616a73646867666b6a617368646b666873640a64736673616466736466736461666173646673616466666666666666666666666666666666666666666666666666666661736466736164667361646673646667736b6461666b616a73646867666b6a617368646b666873640a64736673616466736466736461666173646673616466666666666666666666666666666666666666666666666666666661736466736164667361646673646667736b6461666b616a73646867666b6a617368646b666873640a64736673616466736466736461666173646673616466666666666666666666666666666666666666666666666666666661736466736164667361646673646667736b6461666b616a73646867666b6a617368646b666873640a64736673616466736466736461666173646673616466666666666666666666666666666666666666666666666666666661736466736164667361646673646667736b6461666b616a73646867666b6a617368646b666873640a64736673616466736466736461666173646673616466666666666666666666666666666666666666666666666666666661736466736164667361646673646667736b6461666b616a73646867666b6a617368646b666873640a64736673616466736466736461666173646673616466666666666666666666666666666666666666666666666666666661736466736164667361646673646667736b6461666b616a73646867666b6a617368646b666873640a64736673616466736466736461666173646673616466666666666666666666666666666666666666666666666666666661736466736164667361646673646667736b6461666b616a73646867666b6a617368646b666873640a64736673616466736466736461666173646673616466666666666666666666666666666666666666666666666666666661736466736164667361646673646667736b6461666b616a73646867666b6a617368646b666873640a64736673616466736466736461666173646673616466666666666666666666666666666666666666666666666666666661736466736164667361646673646667736b6461666b616a73646867666b6a617368646b666873640a64736673616466736466736461666173646673616466666666666666666666666666666666666666666666666666666661736466736164667361646673646667736b6461666b616a73646867666b6a617368646b666873640a64736673616466736466736461666173646673616466666666666666666666666666666666666666666666666666666661736466736164667361646673646667736b6461666b616a73646867666b6a617368646b666873640a0a),
(7, 2147483647, 808097076046172, 0x66647361666666666666666666666666666666666666666666666666666666666666666666666666666666666666666666666666666666666666666666666666666666666666666666666666666666666666666666666666666666666666666666666666666666666666666666666666666666666666666666666666666666666666666666666666666666666666666666666666666666666666666666666666666666666666666666666666666666666666666666666666666666666666666666666666666666666666666666666666666666666666666666666666666666666666666666666666666666666666666666666666666666666666666666666666666666666666666666660a),
(8, 2147483647, 330357222772889, 0x5368652077616c6b7320696e206265617574792c206c696b6520746865206e696768740a4f6620636c6f75646c65737320636c696d657320616e642073746172727920736b6965733b0a416e6420616c6c2074686174e28099732062657374206f66206461726b20616e64206272696768740a4d65657420696e206865722061737065637420616e642068657220657965733b0a54687573206d656c6c6f77656420746f20746861742074656e646572206c696768740a57686963682068656176656e20746f206761756479206461792064656e69657320e280a60a0a50657268617073204279726f6ee280997320626573742d6c6f76656420616e64206d6f737420776964656c7920616e74686f6c6f6769736564206c7972696320706f656d2c20e280985368652057616c6b7320696e20426561757479e280992069732071756f74656420696e204465616420506f65747320536f636965747920617320616e20617474656d707420746f20736564756365206120796f756e6720776f6d616e2c20616e6420697420657069746f6d697365732074686520526f6d616e74696320706f656d2069646f6c6973696e672028616e6420696465616c6973696e6729206120776f6d616ee2809973206265617574792c20617320746865206f70656e696e67206c696e6573202871756f7465642061626f766529206d616b6520636c6561722e0a),
(9, 1234567890, 754226509021426, 0x4e6f74206c696b6520746865206272617a656e206769616e74206f6620477265656b2066616d652c0a5769746820636f6e71756572696e67206c696d627320617374726964652066726f6d206c616e6420746f206c616e643b0a48657265206174206f7572207365612d7761736865642c2073756e736574206761746573207368616c6c207374616e640a41206d696768747920776f6d616e2077697468206120746f7263682c2077686f736520666c616d650a49732074686520696d707269736f6e6564206c696768746e696e672c20616e6420686572206e616d650a4d6f74686572206f66204578696c65732e2046726f6d2068657220626561636f6e2d68616e640a476c6f777320776f726c642d776964652077656c636f6d653b20686572206d696c64206579657320636f6d6d616e640a546865206169722d6272696467656420686172626f722074686174207477696e20636974696573206672616d652e0ae2809c4b6565702c20616e6369656e74206c616e64732c20796f75722073746f7269656420706f6d7021e2809d206372696573207368650a576974682073696c656e74206c6970732e20e2809c47697665206d6520796f75722074697265642c20796f757220706f6f722c0a596f757220687564646c6564206d617373657320796561726e696e6720746f206272656174686520667265652c0a54686520777265746368656420726566757365206f6620796f7572207465656d696e672073686f72652e0a53656e642074686573652c2074686520686f6d656c6573732c2074656d706573742d746f737420746f206d652c0a49206c696674206d79206c616d70206265736964652074686520676f6c64656e20646f6f7221e2809d0a2020202020202020202020202020202020202020202020202020202020202020202020202020202020202020202020202020202020202020202d20456d6d61204c617a617275730a);

-- --------------------------------------------------------

--
-- Table structure for table `tot_users`
--

CREATE TABLE `tot_users` (
  `total_users` bigint(20) NOT NULL DEFAULT 0
) ENGINE=InnoDB DEFAULT CHARSET=utf8mb4 COLLATE=utf8mb4_general_ci;

-- --------------------------------------------------------

--
-- Table structure for table `users`
--

CREATE TABLE `users` (
  `sno` int(255) NOT NULL,
  `username` varchar(60) NOT NULL,
  `password` varchar(100) NOT NULL,
  `user_id` int(255) NOT NULL,
  `gmail_id` varchar(255) NOT NULL,
  `user_bio` longblob NOT NULL
) ENGINE=InnoDB DEFAULT CHARSET=utf8mb4 COLLATE=utf8mb4_general_ci;

--
-- Dumping data for table `users`
--

INSERT INTO `users` (`sno`, `username`, `password`, `user_id`, `gmail_id`, `user_bio`) VALUES
(1, 'abbilaash', 'abbilaash123', 1234567890, 'abbilaashat@gmail.com', ''),
(2, 'admin', 'admin', 2147483647, 'abbilaashat@gmail.com', ''),
(3, 'abraham', 'abraham', 1034395679, 'abraham@gmail.com', '');

--
-- Indexes for dumped tables
--

--
-- Indexes for table `follows`
--
ALTER TABLE `follows`
  ADD PRIMARY KEY (`user_id`);

--
-- Indexes for table `post`
--
ALTER TABLE `post`
  ADD PRIMARY KEY (`sno`);

--
-- Indexes for table `users`
--
ALTER TABLE `users`
  ADD PRIMARY KEY (`sno`,`username`,`user_id`);

--
-- AUTO_INCREMENT for dumped tables
--

--
-- AUTO_INCREMENT for table `users`
--
ALTER TABLE `users`
  MODIFY `sno` int(255) NOT NULL AUTO_INCREMENT, AUTO_INCREMENT=6;
COMMIT;

/*!40101 SET CHARACTER_SET_CLIENT=@OLD_CHARACTER_SET_CLIENT */;
/*!40101 SET CHARACTER_SET_RESULTS=@OLD_CHARACTER_SET_RESULTS */;
/*!40101 SET COLLATION_CONNECTION=@OLD_COLLATION_CONNECTION */;
